,name,image,address,url,tuition_fee_min,tuition_fee_max,tuition_fee_currency,toefl,ielts,ielts_each_band,det,pte,intakes,duration
0,Kingston University,https://pathfinders-media.s3.amazonaws.com/university-logos/Kingston_University.png,Uk,http://www.kingston.ac.uk/,14000.0,19000.0,,88.0,4.5,4.0,,58.0,Sept/ Jan,1 year
1,University of Manchester,https://pathfinders-media.s3.amazonaws.com/university-logos/University_of_Manchester.png,Uk,http://www.manchester.ac.uk/,19000.0,24000.0,,100.0,7.0,6.5,,59.0,Sept/Jan/May,1 or 2 years
2,University of Liverpool,https://pathfinders-media.s3.amazonaws.com/university-logos/University_of_Liverpool.png,Uk,http://www.liv.ac.uk/,20000.0,25000.0,,78.0,6.0,5.5,,169.0,Sept/Jan/May,12 months or 2years
3,University of Leeds,https://pathfinders-media.s3.amazonaws.com/university-logos/University_of_Leeds.png,Uk,http://www.leeds.ac.uk/,25000.0,35000.0,,80.0,6.5,6.0,,60.0,Sept/Jan/May,12 months
4,University of Glasgow,https://pathfinders-media.s3.amazonaws.com/university-logos/University_of_Glasgow.png,Uk,http://www.gla.ac.uk/,19000.0,21000.0,,90.0,7.0,6.5,,68.0,Sept/Jan/May,1 or 2 years
5,University of Exeter,https://pathfinders-media.s3.amazonaws.com/university-logos/University_of_Exeter.png,Uk,http://www.exeter.ac.uk/,18000.0,21000.0,,90.0,6.0,6.0,,80.0,Sept/Jan/May,12 months
6,Standford University,https://pathfinders-media.s3.amazonaws.com/university-logos/5.png,Us,,,,,200.0,6.0,,,,,
7,University of Cambridge,https://pathfinders-media.s3.amazonaws.com/university-logos/University_of_Cambridge.png,Uk,http://www.cam.ac.uk/,24000.0,38000.0,,100.0,7.0,6.5,,58.0,Sept/Jan/May,2 years
8,University of Bristol,https://pathfinders-media.s3.amazonaws.com/university-logos/University_of_Bristol.jpg,Uk,http://www.bris.ac.uk/,13000.0,15000.0,,90.0,6.5,6.0,,67.0,Sept/Jan/May,1 year
9,University of South Florida,https://pathfinders-media.s3.amazonaws.com/university-logos/South-Florida-Bulls-Logo.png,Us,,,,,120.0,7.0,,,,fall,2
10,University of Birmingham,https://pathfinders-media.s3.amazonaws.com/university-logos/University_of_Birmingham.png,Uk,http://www.birmingham.ac.uk/,20000.0,22000.0,,88.0,6.5,6.0,,68.0,Sept/Jan/May,1 or 2 years
11,Queen’s University Belfast,https://pathfinders-media.s3.amazonaws.com/university-logos/Queens_University_Belfast.jpg,Uk,http://www.qub.ac.uk/,18000.0,19000.0,,95.0,7.0,6.0,,55.0,Sept/Jan/May,12 months
12,Newcastle University,https://pathfinders-media.s3.amazonaws.com/university-logos/Newcastle_University.png,Uk,http://www.ncl.ac.uk/,11000.0,15000.0,,90.0,6.5,5.5,,62.0,Sept/Jan/May,12-18 months
13,Durham University,https://pathfinders-media.s3.amazonaws.com/university-logos/Durham_University.jpg,Uk,http://www.dur.ac.uk/,19000.0,28000.0,,93.0,6.5,5.5,,62.0,Sept/Jan/May,1or2 years
14,Cardiff University,https://pathfinders-media.s3.amazonaws.com/university-logos/Cardiff_University.jpg,Uk,http://www.cardiff.ac.uk/,17000.0,18000.0,,90.0,6.5,5.5,,69.0,Sept/Jan/May,12 months
15,University of Wollongong,https://pathfinders-media.s3.amazonaws.com/university-logos/University_of_Wollongong.png,Australia,http://www.uow.edu.au/,25000.0,45000.0,,70.0,6.0,6.0,,54.0,nan,1.5 or 2 years
16,University of Western Australia,https://pathfinders-media.s3.amazonaws.com/university-logos/University_of_Western_Australia.png,Australia,http://www.uwa.edu.au/,45000.0,50000.0,,82.0,6.5,6.0,,64.0,nan,16 months
17,University of Tasmania,https://pathfinders-media.s3.amazonaws.com/university-logos/University_of_Tasmania.png,Australia,http://www.utas.edu.au/,21000.0,39000.0,,88.0,6.5,6.0,,58.0,nan,6 months- 1 years
18,University of Sydney,https://pathfinders-media.s3.amazonaws.com/university-logos/University_of_Sydney.png,Australia,http://www.sydney.edu.au/,42000.0,44000.0,,87.0,6.5,6.0,,58.0,nan,2 years
19,University of Queensland,https://pathfinders-media.s3.amazonaws.com/university-logos/University_of_Queensland.jpg,Australia,https://www.uq.edu.au/,36000.0,38000.0,,87.0,6.5,6.0,,64.0,nan,2 years
20,University of New England,https://pathfinders-media.s3.amazonaws.com/university-logos/University_of_New_England.png,Australia,http://www.une.edu.au/,26000.0,33000.0,,79.0,6.0,5.5,,57.0,nan,2 years
21,University of Melbourne,https://pathfinders-media.s3.amazonaws.com/university-logos/University_of_Melbourne.png,Australia,http://www.unimelb.edu.au/,31000.0,50000.0,,79.0,6.5,6.0,,58.0,nan,1 year
22,University of Adelaide,https://pathfinders-media.s3.amazonaws.com/university-logos/University_of_Adelaide.png,Australia,http://www.adelaide.edu.au/,18000.0,25000.0,,94.0,6.5,6.0,,58.0,nan,1 or 2 years
23,Southern Cross University,https://pathfinders-media.s3.amazonaws.com/university-logos/Southern_Cross_University.jpg,Australia,http://www.scu.edu.au/,28000.0,30000.0,,94.0,7.0,6.5,,65.0,nan,1 or 2 years
24,RMIT University,https://pathfinders-media.s3.amazonaws.com/university-logos/RMIT_University.png,Australia,http://www.rmit.com/,34000.0,49000.0,,50.0,5.5,5.0,,42.0,nan,1.5 or 2 years
25,Queensland University of Technology,https://pathfinders-media.s3.amazonaws.com/university-logos/Queensland_University_of_Technology.png,Australia,http://www.qut.edu.au/,30000.0,35000.0,,79.0,6.5,6.0,,58.0,nan,1 or 2 years
26,Murdoch University,https://pathfinders-media.s3.amazonaws.com/university-logos/Murdoch_University.png,Australia,http://www.murdoch.edu.au/,30000.0,51000.0,,73.0,6.0,5.5,,50.0,nan,1 or 2 years
27,Macquarie University,https://pathfinders-media.s3.amazonaws.com/university-logos/Macquarie_University.jpg,Australia,http://www.mq.edu.au/,33000.0,35000.0,,80.0,6.5,6.0,,58.0,nan,1 or 2 years
28,La Trobe University,https://pathfinders-media.s3.amazonaws.com/university-logos/La_Trobe_University.jpg,Australia,http://www.latrobe.edu.au/,33000.0,41000.0,,79.0,6.5,6.0,,58.0,nan,2 years
29,James Cook University,https://pathfinders-media.s3.amazonaws.com/university-logos/James_Cook_University.png,Australia,http://www.jcu.edu.au/,15000.0,18000.0,,74.0,6.0,6.0,,52.0,nan,16 months
30,Flinders University,https://pathfinders-media.s3.amazonaws.com/university-logos/Flinders_University.png,Australia,http://www.flinders.edu.au/,30000.0,60000.0,,72.0,6.0,5.5,,50.0,nan,1.5 years
31,Edith Cowan University,https://pathfinders-media.s3.amazonaws.com/university-logos/Edith_Cowan_University.png,Australia,http://www.ecu.edu.au/,31000.0,39000.0,,84.0,6.5,6.0,,64.0,nan,1-2 years
32,Curtin University,https://pathfinders-media.s3.amazonaws.com/university-logos/Curtin_University.png,Australia,http://www.curtin.edu.au/,30000.0,40000.0,,79.0,6.5,6.0,,58.0,nan,6-12 months
33,CQUniversity,https://pathfinders-media.s3.amazonaws.com/university-logos/CQ_University.png,Australia,https://www.cqu.edu.au/,32000.0,,,75.0,6.0,5.5,,54.0,nan,1 or 2 years
34,Charles Darwin University,https://pathfinders-media.s3.amazonaws.com/university-logos/Charles_Darwin_University.png,Australia,http://www.cdu.edu.au/,22000.0,,,75.0,6.5,6.0,,65.0,nan,12 months
35,Australian National University,https://pathfinders-media.s3.amazonaws.com/university-logos/Australian_National_University.png,Australia,http://www.anu.edu.au/,43000.0,46000.0,,80.0,6.5,6.0,,64.0,nan,12-18 Months
36,Australian Catholic University,https://pathfinders-media.s3.amazonaws.com/university-logos/Australian_Catholic_University.jpg,Australia,http://www.acu.edu.au/,19000.0,27000.0,,79.0,6.5,6.0,,58.0,Sept / Jan,12-18 Months
37,Lancaster University,https://pathfinders-media.s3.amazonaws.com/university-logos/Lancaster_University.png,Uk,http://www.lancs.ac.uk/,15000.0,17000.0,,87.0,7.5,7.0,,70.0,Sept/Jan,1 year
38,Leeds Metropolitan University,https://pathfinders-media.s3.amazonaws.com/university-logos/Leeds_Metropolitan_University.jpg,Uk,http://www.leedsmet.ac.uk/,15000.0,17000.0,,79.0,4.5,4.0,,54.0,Sept/Jan,1 or 2 years
39,Liverpool Hope University,https://pathfinders-media.s3.amazonaws.com/university-logos/Liverpool_Hope_University.jpg,Uk,http://www.hope.ac.uk/,17000.0,20000.0,,88.0,6.5,6.0,,58.0,Sept/Jan,12 months
40,London South Bank University,https://pathfinders-media.s3.amazonaws.com/university-logos/London_South_Bank_University.jpg,Uk,http://www.lsbu.ac.uk/,8000.0,25000.0,,90.0,6.5,6.0,120,60.0,Sept,12 months to 2years
41,Loughborough University,https://pathfinders-media.s3.amazonaws.com/university-logos/Loughborough_University.png,Uk,http://www.lboro.ac.uk/,20000.0,26000.0,,92.0,6.5,6.0,,67.0,Sept/Jan,12 months
42,Manchester Metropolitan University,https://pathfinders-media.s3.amazonaws.com/university-logos/Manchester_Metropolitan_University.png,Uk,http://www.mmu.ac.uk/,15000.0,20000.0,,89.0,6.5,6.0,,65.0,Sept/ Jan,1-2 years
43,Middlesex University,https://pathfinders-media.s3.amazonaws.com/university-logos/Middlesex_University.png,Uk,http://www.mdx.ac.uk/,24000.0,30000.0,,87.0,6.5,6.0,,59.0,Sept/Jan,1-2 years
44,Nottingham Trent University,https://pathfinders-media.s3.amazonaws.com/university-logos/Nottingham_Trent_University.png,Uk,http://www.ntu.ac.uk/,13000.0,18000.0,,100.0,6.5,6.0,,58.0,Sept/ Jan,1-2 years
45,Oxford Brookes University,https://pathfinders-media.s3.amazonaws.com/university-logos/oxford_Brookes_University.png,Uk,http://www.brookes.ac.uk/,15000.0,17000.0,,100.0,7.0,0.0,,67.0,Sept/ Jan,1 year
46,Queen Margaret University,https://pathfinders-media.s3.amazonaws.com/university-logos/Queen_Margaret_University.png,Uk,http://www.qmu.ac.uk/,15000.0,17000.0,,100.0,6.5,6.0,,58.0,Sept,1 year
47,Robert Gordon University,https://pathfinders-media.s3.amazonaws.com/university-logos/Robert_Gordon_University.jpg,Uk,http://www.rgu.ac.uk/,15000.0,20000.0,,88.0,6.5,6.0,,56.0,Sept/Jan /May,12-17 months
48,"Royal Holloway, University of London",https://pathfinders-media.s3.amazonaws.com/university-logos/Royal_Holloway_University_of_London.jpg,Uk,http://www.rhul.ac.uk/,21000.0,24000.0,,88.0,6.5,6.0,,61.0,Sept/Jan/April,12 months
49,Southampton Solent University,https://pathfinders-media.s3.amazonaws.com/university-logos/Solent_University_Southampton.png,Uk,http://www.solent.ac.uk/,11000.0,16000.0,,80.0,6.0,0.5,,58.0,Sept/Jan,1 year
50,"St George’s, University of London",https://pathfinders-media.s3.amazonaws.com/university-logos/St_Georges_University_of_London.png,Uk,http://www.sgul.ac.uk/,21000.0,22000.0,,93.0,7.0,6.0,,65.0,Sept/Jan,1-2 years
51,Teesside University,https://pathfinders-media.s3.amazonaws.com/university-logos/Teesside_University.jpg,Uk,http://www.tees.ac.uk/,15000.0,18000.0,,88.0,6.5,6.0,,58.0,Sept /Jan,2 Year
52,University of Aberdeen,https://pathfinders-media.s3.amazonaws.com/university-logos/University_of_Aberdeen.png,Uk,http://www.abdn.ac.uk/,15000.0,32000.0,,78.0,6.0,5.5,,59.0,Spet/Jan,1-2 years
53,University of Abertay Dundee,https://pathfinders-media.s3.amazonaws.com/university-logos/University_of_Abertay_Dundee.jpg,Uk,http://www.abertay.ac.uk/,15000.0,17000.0,,78.0,6.0,5.5,,54.0,Sept/Jan,1 year
54,University of Bath,https://pathfinders-media.s3.amazonaws.com/university-logos/University_of_Bath.png,Uk,http://www.bath.ac.uk/,23000.0,26000.0,,72.0,6.5,6.0,,55.0,Sept,1 year
55,Keele University,https://pathfinders-media.s3.amazonaws.com/university-logos/Keele_University.png,Uk,http://www.keele.ac.uk/,12000.0,14000.0,,79.0,6.5,5.5,,50.0,Sept/Jan,12-20 months
56,Heriot-Watt University,https://pathfinders-media.s3.amazonaws.com/university-logos/Heriot_Watt_University.png,Uk,http://www.hw.ac.uk/,13000.0,25000.0,,90.0,6.5,6.0,,58.0,Sept/Jan,1 or 2 years
57,"Goldsmith’s, University of London",https://pathfinders-media.s3.amazonaws.com/university-logos/Goldsmiths_University_of_London.png,Uk,http://www.gold.ac.uk/,17000.0,21000.0,,70.0,6.0,5.5,,58.0,Sept/ Jan,1 year
58,Glasgow Caledonian University,https://pathfinders-media.s3.amazonaws.com/university-logos/Glasgow_Caledonian_University.jpg,Uk,http://www.gcu.ac.uk/,16000.0,19000.0,,78.0,6.0,0.5,,54.0,Sept/ Jan,1 or 2 years
59,Falmouth University,https://pathfinders-media.s3.amazonaws.com/university-logos/Falmouth_University.png,Uk,http://www.falmouth.ac.uk/,16000.0,20000.0,,88.0,6.5,6.0,,60.0,Sept/Jan,1 year
60,Edinburgh Napier University,https://pathfinders-media.s3.amazonaws.com/university-logos/Edinburgh_Napier_University.png,Uk,http://www.napier.ac.uk/,16000.0,19000.0,,80.0,6.0,5.5,,56.0,Sept/Jan,12-16 months
61,De Montfort University,https://pathfinders-media.s3.amazonaws.com/university-logos/De_Montfort_University.jpg,Uk,http://www.dmu.ac.uk/,15000.0,20000.0,,89.0,6.0,5.5,,59.0,Sept/Jan/Apirl,15 months
62,Cardiff Metropolitan University,https://pathfinders-media.s3.amazonaws.com/university-logos/Cardiff_Metropolitan_University.jpg,Uk,http://www.cardiffmet.ac.uk/,17000.0,19000.0,,83.0,6.5,5.5,,62.0,Sept/ Jan,12-16 months
63,Canterbury Christ Church University,https://pathfinders-media.s3.amazonaws.com/university-logos/Canteburry_Christ_Church_University.jpg,Uk,http://www.canterbury.ac.uk/,15000.0,18000.0,,94.0,6.0,0.5,,59.0,Sept,1 year
64,Buckinghamshire New University,https://pathfinders-media.s3.amazonaws.com/university-logos/Buckinghamshire_New_University.png,Uk,http://www.bucks.ac.uk/,16000.0,18000.0,,80.0,6.5,6.0,,50.0,Sept/Jan,1 or 2 years
65,Brunel University,https://pathfinders-media.s3.amazonaws.com/university-logos/Brunel_University.png,Uk,http://www.brunel.ac.uk/,17000.0,25000.0,,90.0,6.5,6.0,,59.0,Sept,1 or 2 years
66,Bangor University,https://pathfinders-media.s3.amazonaws.com/university-logos/Bangor_University.png,Uk,http://www.bangor.ac.uk/,16000.0,18000.0,,75.0,6.0,5.5,,56.0,Sept/ Jan,1 or 2 years
67,Aston University,https://pathfinders-media.s3.amazonaws.com/university-logos/Aston_University.png,Uk,http://www.aston.ac.uk/,16000.0,24000.0,,78.0,6.0,6.0,,80.0,Sept/Jan,12 months or 2 years
68,Anglia Ruskin University,https://pathfinders-media.s3.amazonaws.com/university-logos/Anglia_Ruskin_University.png,Uk,http://www.anglia.ac.uk/,16000.0,18000.0,,88.0,6.5,5.5,,61.0,Sept/ Jan,12 months
69,Aberystwyth University,https://pathfinders-media.s3.amazonaws.com/university-logos/Aberystwyth_University.png,Uk,http://www.aber.ac.uk/,15000.0,17000.0,,88.0,6.0,5.5,,55.0,Sept/Jan,1 year
70,University of Warwick,https://pathfinders-media.s3.amazonaws.com/university-logos/University_of_Warwick.png,Uk,https://warwick.ac.uk/,18000.0,43000.0,,92.0,6.5,6.0,,62.0,Sept,12 months or 2 years
71,University of Southampton,https://pathfinders-media.s3.amazonaws.com/university-logos/University_of_Southampton.png,Uk,http://www.southampton.ac.uk/,22000.0,28000.0,,82.0,6.5,6.0,,51.0,Sept/Jan/May,1 years
72,University of Sheffield,https://pathfinders-media.s3.amazonaws.com/university-logos/University_of_sheffield.png,Uk,http://www.shef.ac.uk/,20000.0,25000.0,,95.0,7.0,6.5,,67.0,Sept,1 or 2 years
73,Liverpool John Moores University,https://pathfinders-media.s3.amazonaws.com/university-logos/Liverpool_John_Moores_University.png,Uk,http://www.ljmu.ac.uk/,18000.0,20000.0,,78.0,6.0,5.5,,57.0,Sept,12-20 months
74,University of Bradford,https://pathfinders-media.s3.amazonaws.com/university-logos/University_of_Bradford.jpg,Uk,http://www.bradford.ac.uk/external,22000.0,24000.0,,80.0,6.0,5.5,,55.0,Sept/Jan,1 year
75,University of Chichester,https://pathfinders-media.s3.amazonaws.com/university-logos/University_of_Chichester.jpg,Uk,http://www.chi.ac.uk/,21000.0,23000.0,,78.0,6.5,6.0,,58.0,Sept/ Jan,1 year
76,University of Cumbria,https://pathfinders-media.s3.amazonaws.com/university-logos/University_of_Cumbria.jpg,Uk,http://www.cumbria.ac.uk/,13000.0,16000.0,,80.0,6.5,5.5,,62.0,Sept /Jan,1-2 years
77,University of Derby,https://pathfinders-media.s3.amazonaws.com/university-logos/University_of_Derby.png,Uk,http://www.derby.ac.uk/,14000.0,17000.0,,80.0,6.5,5.5,,52.0,Sept/ Jan / May,1-2 years
78,University of Dundee,https://pathfinders-media.s3.amazonaws.com/university-logos/University_of_Dundee.png,Uk,http://www.dundee.ac.uk/,13000.0,25000.0,,78.0,6.0,5.5,,59.0,Sept/Jan,12-24 months
79,University of East London,https://pathfinders-media.s3.amazonaws.com/university-logos/University_of_East_London.png,Uk,http://www.uel.ac.uk/,14000.0,16000.0,,94.0,6.0,5.5,,65.0,Sept/ Jan,12 months-2 years
80,University of Essex,https://pathfinders-media.s3.amazonaws.com/university-logos/University_of_Essex.jpg,Uk,http://www.essex.ac.uk/,19000.0,23000.0,,88.0,6.0,5.5,,60.0,Sept /Jan,2 years
81,University of Gloucestershire,https://pathfinders-media.s3.amazonaws.com/university-logos/University_of_Gloucestershire.png,Uk,http://www.glos.ac.uk/,20000.0,22000.0,,88.0,6.5,5.5,,70.0,Sept/ Jan/ May,1-2 years
82,University of Greenwich,https://pathfinders-media.s3.amazonaws.com/university-logos/University_of_Greenwich.jpg,Uk,https://www.gre.ac.uk/,13000.0,20000.0,,93.0,6.5,5.5,,58.0,Sept /Jan,12 months-2 years
83,University of Highlands & Islands,https://pathfinders-media.s3.amazonaws.com/university-logos/University_of_Highlands__Islands.jpg,Uk,http://www.uhi.ac.uk/en,19000.0,23000.0,,72.0,6.0,5.5,,50.0,Sept/ Jan,1 year
84,University of Huddersfield,https://pathfinders-media.s3.amazonaws.com/university-logos/University_of_Huddersfield.png,Uk,http://www.hud.ac.uk/,16000.0,18000.0,,88.0,6.0,5.5,,51.0,Sept / Jan,12-18 months
85,University of Hull,https://pathfinders-media.s3.amazonaws.com/university-logos/University_of_Hull.png,Uk,http://www2.hull.ac.uk/,14000.0,18000.0,,78.0,6.0,5.5,,54.0,Sept / Jan /  May,1-2 years
86,University of Kent,https://pathfinders-media.s3.amazonaws.com/university-logos/University_of_Kent.png,Uk,http://www.kent.ac.uk/,15000.0,19000.0,,90.0,6.5,6.0,,62.0,Sept / Jan,2 years
87,University of London,https://pathfinders-media.s3.amazonaws.com/university-logos/University_of_London.jpg,Uk,http://www.lon.ac.uk/,13000.0,30000.0,,87.0,6.5,6.0,,50.0,Sept,1 year
88,University of Portsmouth,https://pathfinders-media.s3.amazonaws.com/university-logos/University_of_Portsmouth.png,Uk,http://www.port.ac.uk/,16000.0,19000.0,,72.0,6.0,5.5,,54.0,Sept/ Jan,12 months-2 years
89,University of Reading,https://pathfinders-media.s3.amazonaws.com/university-logos/University_of_Reading.png,Uk,http://www.reading.ac.uk/,17000.0,20000.0,,88.0,7.0,6.0,,,Sept / Jan / May,1-2 years
90,University of Salford,https://pathfinders-media.s3.amazonaws.com/university-logos/University_of_Salford.png,Uk,http://www.salford.ac.uk/,15000.0,20000.0,,79.0,6.5,6.0,,60.0,Sept/ Jan/ June,1-2 years
91,University of Sunderland,https://pathfinders-media.s3.amazonaws.com/university-logos/University_of_Sunderland.png,Uk,https://www.sunderland.ac.uk/,15000.0,17000.0,,100.0,6.0,5.5,,56.0,Sept / Jan,1 year
92,University of Sussex,https://pathfinders-media.s3.amazonaws.com/university-logos/University_of_Sussex.png,Uk,http://www.surrey.ac.uk/,16000.0,19000.0,,80.0,6.0,5.5,120,,Sept,1-2 years
93,University of the West of Scotland,https://pathfinders-media.s3.amazonaws.com/university-logos/University_of_the_West_Scotland.png,Uk,http://www.uws.ac.uk/,15000.0,18000.0,,,6.0,5.5,,59.0,Sept / Jan,1-2 years
94,University of Westminster,https://pathfinders-media.s3.amazonaws.com/university-logos/University_of_Westminster.png,Uk,http://www.westminster.ac.uk/,12000.0,15000.0,,92.0,6.5,6.0,,58.0,Sept,1 year
95,University of Worcester,https://pathfinders-media.s3.amazonaws.com/university-logos/University_of_Worcester.jpg,Uk,http://www.worcester.ac.uk/,15000.0,18000.0,,86.0,6.0,5.5,,70.0,Sept/ Jan,1-2 years
96,Acadia University,https://pathfinders-media.s3.amazonaws.com/university-logos/Acadia_University.png,Canada,http://www.acadiau.ca/,15000.0,18000.0,,90.0,6.5,6.0,,61.0,Sept/ Jan,2 years
97,Alberta University of the Arts,https://pathfinders-media.s3.amazonaws.com/university-logos/Alberta_University_of_the_Arts.png,Canada,https://www.auarts.ca/,12000.0,16000.0,,90.0,6.5,6.0,140,61.0,Sept/ Jan,1 or 2 years
98,Algoma University,https://pathfinders-media.s3.amazonaws.com/university-logos/Algoma_University.png,Canada,https://www.algomau.ca/,10000.0,15000.0,,95.0,6.5,6.0,120,60.0,Sept/ Jan/ May,1 or 2 years
99,Brescia University College,https://pathfinders-media.s3.amazonaws.com/university-logos/Brescia_University_College.png,Canada,http://brescia.uwo.ca/,23000.0,26000.0,,82.0,6.0,5.5,,57.0,Sept / Jan,1 or 2 years
100,Brock University,https://pathfinders-media.s3.amazonaws.com/university-logos/Brock_University.png,Canada,http://www.brocku.ca/,28000.0,32000.0,,88.0,6.5,6.0,,60.0,Sept / Jan,1 or 2 years
101,Carleton University,https://pathfinders-media.s3.amazonaws.com/university-logos/Carleton_University.png,Canada,http://www.carleton.ca/,30000.0,46000.0,,100.0,7.0,6.5,130,60.0,Sept / Jan,1 year
102,College of the Rockies,https://pathfinders-media.s3.amazonaws.com/university-logos/College_of_the_Rockies.png,Canada,http://www.cotr.bc.ca/,19000.0,21000.0,,80.0,6.5,6.0,110,56.0,Sept / Jan,1 year
103,Dalhousie University,https://pathfinders-media.s3.amazonaws.com/university-logos/Dalhousie_University.png,Canada,http://www.dal.ca/,22000.0,25000.0,,92.0,7.0,6.5,115,65.0,Sept/ Jan /May,1 or 2 years
104,Concordia University College of Alberta,https://pathfinders-media.s3.amazonaws.com/university-logos/Concordia_University_of_Edmonton.png,Canada,http://www.concordia.ab.ca/,20000.0,22000.0,,95.0,7.0,6.5,120,57.0,Sept / Jan,1 year
105,Huron at Western University,https://pathfinders-media.s3.amazonaws.com/university-logos/Huron_at_Western_University.png,Canada,http://www.huronatwestern.ca/,16000.0,19000.0,,80.0,6.5,6.0,115,58.0,Sept / Jan / May,1 or 2 years
106,MacEwan University,https://pathfinders-media.s3.amazonaws.com/university-logos/MacEwan_University.png,Canada,https://www.macewan.ca/,16000.0,19000.0,,86.0,6.5,6.0,115,59.0,Sept / Jan / May,1 year
107,McGill University,https://pathfinders-media.s3.amazonaws.com/university-logos/McGill_University.png,Canada,http://www.mcgill.ca/,38000.0,46000.0,,86.0,6.5,6.0,,,Sept / Jan,1 or 2 years
108,McMaster University,https://pathfinders-media.s3.amazonaws.com/university-logos/McMaster_University.png,Canada,http://www.mcmaster.ca/,38000.0,45000.0,,92.0,6.5,6.0,,60.0,Sept / Jan,1 or 2 years
109,University of Ottawa,https://pathfinders-media.s3.amazonaws.com/university-logos/OIP_3.jpeg,Canada,https://www.uottawa.ca/en,21000.0,51000.0,,86.0,6.0,6.0,120,60.0,Sept / Jan,8 -20 months
110,University of Victoria,https://pathfinders-media.s3.amazonaws.com/university-logos/University_of_Victoria.jpg,Canada,https://www.uvic.ca/,39000.0,41000.0,,94.0,6.5,6.0,,65.0,Sept / Jan,1 or 2 years
111,Wilfrid Laurier University,https://pathfinders-media.s3.amazonaws.com/university-logos/Wilfrid_Laurier_University.jpg,Canada,https://www.wlu.ca/,24000.0,42000.0,,89.0,7.0,6.5,115,60.0,Sept / Jan,1 or 2 years
112,York University,https://pathfinders-media.s3.amazonaws.com/university-logos/York-University-Logo-768x768_us5qlv2.jpg,Canada,http://www.yorku.ca/,31000.0,39000.0,,100.0,7.5,7.0,120,76.0,Sept / Jan,1 year
113,Northumbria University,https://pathfinders-media.s3.amazonaws.com/university-logos/Northumbria_University.jpg,Uk,http://www.northumbria.ac.uk/,25000.0,27000.0,,80.0,6.5,5.5,,57.0,Sept/Jan/ May,1 year
114,Western University,https://pathfinders-media.s3.amazonaws.com/university-logos/Western_University.jpg,Canada,http://www.uwo.ca/,26000.0,106500.0,,86.0,6.5,6.0,115,56.0,Sept / Jan,1-2 years
115,Vancouver Island University,https://pathfinders-media.s3.amazonaws.com/university-logos/Vancouver_Island_University.png,Canada,http://www.viu.ca/,14000.0,18000.0,,93.0,7.0,0.5,110,65.0,Sept / Jan/ May,1 year
116,University of Winnipeg,https://pathfinders-media.s3.amazonaws.com/university-logos/University_of_Winnipeg.jpg,Canada,https://www.uwinnipeg.ca/,16000.0,22000.0,,86.0,6.5,6.0,120,,Sept / Jan / May,1 year
117,University of Waterloo,https://pathfinders-media.s3.amazonaws.com/university-logos/University_of_Waterloo.jpg,Canada,http://www.uwaterloo.ca/,13000.0,18000.0,,90.0,7.0,6.5,,,Sept / Jan,1 year
118,University of Toronto,https://pathfinders-media.s3.amazonaws.com/university-logos/University_of_Toronto.png,Canada,http://www.utoronto.ca/,40000.0,42000.0,,93.0,7.0,6.5,120,70.0,Sept / Jan,1 or 2 years
119,Regent’s University London,https://pathfinders-media.s3.amazonaws.com/university-logos/Regents_University_London.png,Uk,http://www.regents.ac.uk/,20000.0,23000.0,,80.0,6.0,5.5,,58.0,Sept/Jan/ May,12-16 months
120,University of Saskatchewan,https://pathfinders-media.s3.amazonaws.com/university-logos/University_of_Saskatchewan.webp,Canada,https://www.usask.ca/,38000.0,68000.0,,86.0,6.5,6.0,115,63.0,Sept / Jan / May,1 or 2 years
121,University of Lethbridge,https://pathfinders-media.s3.amazonaws.com/university-logos/University_of_Lethbridge.jpg,Canada,http://www.uleth.ca/,20000.0,40000.0,,86.0,6.5,6.0,115,63.0,Sept / Jan,2 years
122,Swansea University,https://pathfinders-media.s3.amazonaws.com/university-logos/Swansea_University.png,Uk,http://www.swansea.ac.uk/,11000.0,16000.0,,85.0,6.5,6.0,,58.0,Sept/Jan/May,1 year
123,University of Bedfordshire,https://pathfinders-media.s3.amazonaws.com/university-logos/University_of_Bedfordshire.png,Uk,http://www.beds.ac.uk/,13000.0,18000.0,,94.0,6.0,5.5,,59.0,Sept,2 years
124,University of Bolton,https://pathfinders-media.s3.amazonaws.com/university-logos/University_of_Bolton.png,Uk,http://www.bolton.ac.uk/,13000.0,15000.0,,80.0,6.5,6.0,,50.0,Sept/Jan,12-18 months
125,University of Central Lancashire,https://pathfinders-media.s3.amazonaws.com/university-logos/University_of_Central_Lancashire.png,Uk,http://www.uclan.ac.uk/,15000.0,18000.0,,80.0,6.5,0.0,,55.0,Sept/Jan,1-2 years
126,University of East Anglia,https://pathfinders-media.s3.amazonaws.com/university-logos/University_of_East_Anglia.png,Uk,http://www.uea.ac.uk/,17000.0,30000.0,,79.0,6.0,5.5,,50.0,Sept/ Jan,1-2 years
127,University of Manitoba,https://pathfinders-media.s3.amazonaws.com/university-logos/University_of_Manitoba.jpg,Canada,http://umanitoba.ca/,24000.0,35000.0,,70.0,6.5,6.0,95,55.0,Sept,2 years
128,University of Hertfordshire,https://pathfinders-media.s3.amazonaws.com/university-logos/University_of_Hertfordshire.png,Uk,http://www.herts.ac.uk/,14000.0,18000.0,,72.0,6.5,5.5,,58.0,Sept / Jan,1-2 years
129,University of Kings College,https://pathfinders-media.s3.amazonaws.com/university-logos/University_of_Kings_College.png,Canada,http://www.ukings.ca/,11000.0,15000.0,,80.0,6.0,6.0,115,59.0,Sept / Jan,2 years
130,University of Guelph,https://pathfinders-media.s3.amazonaws.com/university-logos/University_of_Guelph.jpg,Canada,http://www.uoguelph.ca/,23000.0,24000.0,,89.0,6.5,6.0,110,60.0,Sept / Jan,1 or 2 years
131,University of Calgary,https://pathfinders-media.s3.amazonaws.com/university-logos/University_of_Calgary.jpg,Canada,http://www.ucalgary.ca/,14000.0,17000.0,,86.0,6.5,6.0,125,59.0,Sept/ Jan/ May,1 or 2 years
132,University of Leicester,https://pathfinders-media.s3.amazonaws.com/university-logos/University_of_Leicester.png,Uk,http://www.le.ac.uk/,20000.0,23000.0,,80.0,6.0,5.5,,61.0,Sept/ Jan,12-16 months / 2 years
133,University of Alberta,https://pathfinders-media.s3.amazonaws.com/university-logos/University_of_Alberta.jpg,Canada,http://www.ualberta.ca/,11000.0,16000.0,,120.0,7.5,7.0,140,61.0,Sept/ Jan/ May,1 or 2 years
134,University Canada West,https://pathfinders-media.s3.amazonaws.com/university-logos/University_Canada_West.jpg,Canada,https://ucanwest.ca/,80000.0,,,88.0,6.5,6.0,110,61.0,Sept / Jan / May,2 years
135,Trent University,https://pathfinders-media.s3.amazonaws.com/university-logos/OIP.jpg,Canada,https://www.trentu.ca/,35000.0,40000.0,,73.0,6.5,6.0,,,Sept/ Jan,8 months - 1 year
136,St. Marys University,https://pathfinders-media.s3.amazonaws.com/university-logos/St._Marys_University.jpg,Canada,http://www.smu.ca/,28000.0,34000.0,,87.0,6.5,6.0,105,58.0,Sept / Jan,1 or 2 years
137,Simon Fraser University,https://pathfinders-media.s3.amazonaws.com/university-logos/Simon_Fraser_University.jpg,Canada,http://www.sfu.ca/,12000.0,24000.0,,95.0,7.0,6.5,125,65.0,Sept / Jan/ May,1 or 2 years
138,Memorial University of Newfoundland,https://pathfinders-media.s3.amazonaws.com/university-logos/Memorial_University.jpg,Canada,http://www.mun.ca/,12000.0,14000.0,,79.0,6.5,6.0,115,58.0,Sept / Jan,2 years
139,Mount Saint Vincent University,https://pathfinders-media.s3.amazonaws.com/university-logos/Mount_Saint_Vincent_University.png,Canada,http://www.msvu.ca/,110000.0,18000.0,,93.0,7.0,6.5,,58.0,Sept/ Jan /May,1 or 2 years
140,Nipissing University,https://pathfinders-media.s3.amazonaws.com/university-logos/Nipissing_University.png,Canada,http://www.nipissingu.ca/,21000.0,25000.0,,93.0,6.5,6.0,115,63.0,Sept / Jan,2 years
141,Ocad University,https://pathfinders-media.s3.amazonaws.com/university-logos/Ocad_University.png,Canada,http://www.ocadu.ca/,13000.0,16000.0,,88.0,6.5,6.0,115,,Sept/ Jan,1 or 2 years
142,Queens University,https://pathfinders-media.s3.amazonaws.com/university-logos/Queens_University.png,Canada,http://www.queensu.ca/,45000.0,58000.0,,88.0,6.5,6.0,110,60.0,Sept/ Jan /May,1 or 2 years
143,Ryerson University,https://pathfinders-media.s3.amazonaws.com/university-logos/Ryerson_University.png,Canada,http://www.ryerson.ca/,29000.0,39000.0,,79.0,6.5,6.0,100,63.0,Sept/ Jan / May,1 year
144,Sheridan College,https://pathfinders-media.s3.amazonaws.com/university-logos/Sheridan_College.png,Canada,https://www.sheridancollege.ca/,15000.0,26000.0,,88.0,6.5,6.0,115,60.0,Sept / Jan,1 or 2 years
145,University of British Columbia,https://pathfinders-media.s3.amazonaws.com/university-logos/University_of_British_Columbia.jpg,Canada,http://www.ubc.ca/,65000.0,,,90.0,6.5,6.0,135,65.0,Oct / Jan,10 months or 2 years
146,University of South Wales,https://pathfinders-media.s3.amazonaws.com/university-logos/University_of_South_wales.png,Uk,http://www.southwales.ac.uk/,15000.0,18000.0,,90.0,6.0,5.5,,60.0,Sept/ Jan/ May,1-2  years
147,University of Wolverhampton,https://pathfinders-media.s3.amazonaws.com/university-logos/University_of_Wolverhampton.jpg,Uk,https://www.wlv.ac.uk/,13000.0,15000.0,,60.0,6.0,5.5,,50.0,Sept/ Jan/ May,12 months
148,Thompson Rivers University,https://pathfinders-media.s3.amazonaws.com/university-logos/Thompson_Rivers_University.jpg,Canada,http://www.tru.ca/,48000.0,52000.0,,88.0,6.5,6.0,115,58.0,Sept / Jan,2 years
149,Bishops University,https://pathfinders-media.s3.amazonaws.com/university-logos/Bishops_University.png,Canada,https://www.ubishops.ca/,19000.0,27000.0,,90.0,6.5,6.0,90,,Sept/ Jan,1 or 2 years
150,Cape Breton University,https://pathfinders-media.s3.amazonaws.com/university-logos/Cape_Breton_University.png,Canada,http://www.cbu.ca/,18000.0,21000.0,,80.0,6.5,6.0,120,59.0,Sept / Jan / May,1 or 2 years
151,International Language Academy of Canada,https://pathfinders-media.s3.amazonaws.com/university-logos/International_Language_Academy_of_canada.png,Canada,https://www.ilac.com/,20000.0,30000.0,,88.0,6.5,6.0,120,60.0,Sept / Jan,1 or 2 years
152,Mount Allison University,https://pathfinders-media.s3.amazonaws.com/university-logos/Mount_Allison_University.png,Canada,http://www.mta.ca/,19000.0,21000.0,,90.0,6.5,6.0,110,60.0,Sept / Jan,1 or 2 years
153,Royal Roads University,https://pathfinders-media.s3.amazonaws.com/university-logos/Royal_Roads_University.png,Canada,http://www.royalroads.ca/,14000.0,27000.0,,100.0,7.0,6.5,,68.0,Sept / Jan,2 years
154,Glyndwr University,https://pathfinders-media.s3.amazonaws.com/university-logos/Glyndwr_University.png,Uk,http://www.glyndwr.ac.uk/,13000.0,15000.0,,79.0,6.0,0.5,,54.0,Sept/ Jan,1 or 2 years
155,City University London,https://pathfinders-media.s3.amazonaws.com/university-logos/City_University_London.png,Uk,http://www.city.ac.uk/,14000.0,24000.0,,72.0,6.0,5.5,,59.0,Sept,12 months or 2 years
156,Bournemouth University,https://pathfinders-media.s3.amazonaws.com/university-logos/Bournemouth_University.jpg,Uk,http://www.bournemouth.ac.uk/,16000.0,18000.0,,92.0,6.0,5.5,,62.0,Sept/Jan/May,1 or 2 years
157,University of York,https://pathfinders-media.s3.amazonaws.com/university-logos/University_of_York.png,Uk,http://www.york.ac.uk/,18000.0,25000.0,,87.0,6.5,6.0,,61.0,Sept/Jan/May,12 months or 2 years
158,University of Oxford,https://pathfinders-media.s3.amazonaws.com/university-logos/University_of_Oxford.jpg,Uk,http://www.ox.ac.uk/,25000.0,38000.0,,110.0,7.0,7.0,,70.0,Sept/Jan/May,9-12 months or 2years
159,University of Notingham,https://pathfinders-media.s3.amazonaws.com/university-logos/University_of_Notingham.png,Uk,http://www.notingham.ac.uk/,16000.0,18000.0,,79.0,6.5,6.0,,65.0,Sept/Jan/May,1 year
160,University of Edinburgh,https://pathfinders-media.s3.amazonaws.com/university-logos/University_of_Edinburgh.png,Uk,http://www.ed.ac.uk/,24000.0,27000.0,,100.0,7.0,6.0,,56.0,Sept/Jan/May,12 months
161,"Queen Mary, University of London",https://pathfinders-media.s3.amazonaws.com/university-logos/Queens_Mary_University_of_London.png,Uk,http://www.qmul.ac.uk/,19000.0,28000.0,,92.0,6.5,6.0,,76.0,Sept,12 months
162,University of New South Wales,https://pathfinders-media.s3.amazonaws.com/university-logos/University_of_New_South_Wales.png,Australia,https://www.unsw.edu.au/,23000.0,31000.0,,94.0,7.0,6.0,,65.0,nan,1 or 2 years
163,University of South Australia,https://pathfinders-media.s3.amazonaws.com/university-logos/University_of_South_Australia.png,Australia,http://www.unisa.edu.au/,29000.0,43000.0,,60.0,6.5,6.0,,58.0,nan,1 or 2 years
164,Swinburne University of Technology,https://pathfinders-media.s3.amazonaws.com/university-logos/Swinburne_University_of_Technology.png,Australia,http://www.swinburne.edu.au/,29000.0,32000.0,,79.0,6.5,6.0,,58.0,nan,2 years
165,Monash University,https://pathfinders-media.s3.amazonaws.com/university-logos/Monash_University.png,Australia,http://www.monash.edu.au/,34000.0,48000.0,,79.0,6.5,6.0,,58.0,nan,1 or 2 years
166,International College of Hotel Management,https://pathfinders-media.s3.amazonaws.com/university-logos/International_College_of_Hotel_Management.png,Australia,http://www.ichm.edu.au/,34000.0,36000.0,,79.0,6.0,5.5,,56.0,nan,2 years
167,Bond University,https://pathfinders-media.s3.amazonaws.com/university-logos/Bond_University.jpg,Australia,http://www.bond.edu.au/,35000.0,56000.0,,60.0,6.0,5.5,,65.0,nan,16 months - 2years
